Image Name,Predicted Label(YOLOv8),YOLO CONFIDENCE,BOUNDING BOXES (xywhn)
A0000.png,bleeding,"[0.3952317535877228, 0.3820275366306305]","[[0.819831132888794, 0.8988702297210693, 0.13110420107841492, 0.19800405204296112], [0.08543873578310013, 0.8255687952041626, 0.16879518330097198, 0.3392764627933502]]"
A0001.png,non_bleeding,,
A0002.png,bleeding,"[0.3933914005756378, 0.3621352016925812]","[[0.8197228908538818, 0.8988271951675415, 0.13156238198280334, 0.1981133073568344], [0.08551598340272903, 0.8254724740982056, 0.16915689408779144, 0.33979472517967224]]"
A0003.png,bleeding,[0.36321479082107544],"[[0.878594696521759, 0.8425427079200745, 0.17638316750526428, 0.29978153109550476]]"
A0004.png,bleeding,[0.2710675597190857],"[[0.07774492353200912, 0.07746703922748566, 0.14593198895454407, 0.1541525423526764]]"
A0005.png,non_bleeding,,
A0006.png,bleeding,[0.3539075553417206],"[[0.8211272358894348, 0.8756378889083862, 0.14854377508163452, 0.23885482549667358]]"
A0007.png,non_bleeding,,
A0008.png,non_bleeding,,
A0009.png,non_bleeding,,
A0010.png,non_bleeding,,
A0011.png,bleeding,[0.3309144675731659],"[[0.07503607124090195, 0.82231605052948, 0.1500721424818039, 0.34493693709373474]]"
A0012.png,non_bleeding,,
A0013.png,bleeding,[0.4046746790409088],"[[0.07507649809122086, 0.8105933666229248, 0.1489972472190857, 0.3652403950691223]]"
A0014.png,bleeding,"[0.7709560394287109, 0.4511498510837555, 0.3457600474357605, 0.2802913188934326]","[[0.0942024365067482, 0.8308649659156799, 0.18014441430568695, 0.32203131914138794], [0.9113234281539917, 0.8230235576629639, 0.14743724465370178, 0.3450203239917755], [0.9347690343856812, 0.8243029713630676, 0.12605027854442596, 0.33954212069511414], [0.8984428644180298, 0.8273411989212036, 0.09506703168153763, 0.3441975712776184]]"
A0016.png,non_bleeding,,
A0017.png,non_bleeding,,
A0018.png,bleeding,[0.28418976068496704],"[[0.08530343323945999, 0.7972075939178467, 0.16516277194023132, 0.3893500864505768]]"
A0019.png,bleeding,"[0.4540092349052429, 0.2714184522628784]","[[0.8695269227027893, 0.8609095811843872, 0.16461673378944397, 0.2745135426521301], [0.0750124379992485, 0.8414984345436096, 0.14644652605056763, 0.30284854769706726]]"
A0020.png,bleeding,[0.3556024730205536],"[[0.8211014866828918, 0.8748677968978882, 0.14845304191112518, 0.24050863087177277]]"
A0021.png,non_bleeding,,
A0022.png,non_bleeding,,
A0023.png,non_bleeding,,
A0024.png,bleeding,[0.3626585602760315],"[[0.08865433186292648, 0.10744311660528183, 0.1712423413991928, 0.21454648673534393]]"
A0025.png,non_bleeding,,
A0026.png,non_bleeding,,
A0027.png,non_bleeding,,
A0028.png,non_bleeding,,
A0029.png,non_bleeding,,
A0030.png,non_bleeding,,
A0031.png,bleeding,[0.6271902322769165],"[[0.883871853351593, 0.7675662636756897, 0.15415000915527344, 0.209159716963768]]"
A0032.png,non_bleeding,,
A0033.png,bleeding,[0.254211962223053],"[[0.8818550705909729, 0.8508073091506958, 0.16695649921894073, 0.29187190532684326]]"
A0034.png,non_bleeding,,
A0035.png,non_bleeding,,
A0036.png,bleeding,"[0.452393114566803, 0.350848913192749]","[[0.8070628046989441, 0.8216426372528076, 0.13656030595302582, 0.3534287214279175], [0.07699960470199585, 0.8177633881568909, 0.15091493725776672, 0.34550899267196655]]"
A0037.png,bleeding,[0.3421151340007782],"[[0.08166901767253876, 0.8248292803764343, 0.1610192507505417, 0.33744052052497864]]"
A0038.png,bleeding,[0.3123116195201874],"[[0.08464737236499786, 0.613003134727478, 0.16145390272140503, 0.7739627361297607]]"
A0039.png,bleeding,[0.296213299036026],"[[0.08513151854276657, 0.7799614667892456, 0.16931022703647614, 0.4310894310474396]]"
A0040.png,non_bleeding,,
A0041.png,non_bleeding,,
A0042.png,bleeding,[0.29537656903266907],"[[0.07788702845573425, 0.7782638669013977, 0.1557740569114685, 0.42490798234939575]]"
A0043.png,bleeding,[0.5633545517921448],"[[0.16570347547531128, 0.7095018625259399, 0.33140695095062256, 0.5637058615684509]]"
A0044.png,bleeding,[0.33371883630752563],"[[0.08094827085733414, 0.09923485666513443, 0.15620313584804535, 0.19810053706169128]]"
A0045.png,non_bleeding,,
A0046.png,bleeding,[0.3851191997528076],"[[0.08241041749715805, 0.08434782177209854, 0.15799841284751892, 0.1682233363389969]]"
A0047.png,bleeding,[0.26518067717552185],"[[0.08057846128940582, 0.088429756462574, 0.15527628362178802, 0.17643550038337708]]"
A0048.png,non_bleeding,,
A0049.png,non_bleeding,,
A0050.png,bleeding,"[0.8403583765029907, 0.768770694732666, 0.7503235936164856, 0.6834186315536499, 0.5850088596343994, 0.4767625331878662, 0.47094205021858215, 0.4526253640651703, 0.43263307213783264, 0.38619405031204224, 0.34628480672836304, 0.2997455596923828, 0.29263803362846375, 0.258975625038147]","[[0.8406093120574951, 0.07967963814735413, 0.0746164321899414, 0.09490812569856644], [0.8758842349052429, 0.08696285635232925, 0.07437815517187119, 0.09071246534585953], [0.8047183156013489, 0.0754736065864563, 0.07400213181972504, 0.10030176490545273], [0.16163723170757294, 0.08161794394254684, 0.0730772390961647, 0.09086240082979202], [0.12993758916854858, 0.10071686655282974, 0.08148302882909775, 0.09775720536708832], [0.9109689593315125, 0.12120415270328522, 0.07270105183124542, 0.07684263586997986], [0.7688905596733093, 0.07307064533233643, 0.07391902804374695, 0.10109656304121017], [0.9110482931137085, 0.09440235048532486, 0.07247121632099152, 0.09897096455097198], [0.8759951591491699, 0.11867310851812363, 0.07707269489765167, 0.07279014587402344], [0.1964639276266098, 0.0738787055015564, 0.0714748278260231, 0.10244255512952805], [0.8202670216560364, 0.8667985796928406, 0.16115760803222656, 0.26640287041664124], [0.09555847197771072, 0.11158937215805054, 0.18950322270393372, 0.22306931018829346], [0.840377151966095, 0.11177005618810654, 0.07616996765136719, 0.06659821420907974], [0.9222769737243652, 0.11404521018266678, 0.1486791968345642, 0.22809042036533356]]"
A0051.png,bleeding,"[0.6540746092796326, 0.6259393095970154, 0.5283185839653015, 0.4904102087020874]","[[0.876603364944458, 0.08037009835243225, 0.07523196190595627, 0.08977379649877548], [0.9108815789222717, 0.11784300208091736, 0.07183919847011566, 0.07208599895238876], [0.8756440877914429, 0.11087416112422943, 0.07501139491796494, 0.06605039536952972], [0.9109272956848145, 0.08365810662508011, 0.07191658020019531, 0.08697312325239182]]"
A0052.png,bleeding,"[0.49672144651412964, 0.4449896216392517, 0.3230576813220978]","[[0.8406992554664612, 0.07005858421325684, 0.0763702392578125, 0.09223649650812149], [0.8758074045181274, 0.07822950184345245, 0.07425117492675781, 0.09009385854005814], [0.8052913546562195, 0.06308363378047943, 0.07625798135995865, 0.0865803211927414]]"
A0053.png,non_bleeding,,
A0054.png,bleeding,"[0.42169126868247986, 0.2521514296531677]","[[0.8110498785972595, 0.8755275011062622, 0.16579942405223846, 0.24894511699676514], [0.08366350084543228, 0.7397213578224182, 0.1629493683576584, 0.5192418694496155]]"
A0055.png,bleeding,[0.4598968029022217],"[[0.07956021279096603, 0.8305029273033142, 0.1577792912721634, 0.32653045654296875]]"
A0056.png,non_bleeding,,
A0057.png,non_bleeding,,
A0058.png,non_bleeding,,
A0059.png,non_bleeding,,
A0060.png,non_bleeding,,
A0061.png,bleeding,"[0.8036806583404541, 0.7699930667877197, 0.6828446388244629, 0.6306043863296509, 0.6051205992698669, 0.46012163162231445, 0.44453921914100647, 0.35777631402015686, 0.32989761233329773, 0.2696870267391205]","[[0.8406649231910706, 0.0749780535697937, 0.07450703531503677, 0.10347606986761093], [0.8046733736991882, 0.07307538390159607, 0.07369232177734375, 0.10552369058132172], [0.8757072687149048, 0.08083929866552353, 0.07378046959638596, 0.09903618693351746], [0.768717348575592, 0.07232218235731125, 0.07350309193134308, 0.1055230125784874], [0.9108513593673706, 0.1197265237569809, 0.07252475619316101, 0.07809547334909439], [0.8758910298347473, 0.11533807218074799, 0.07675497978925705, 0.07576759159564972], [0.7331413626670837, 0.07183545082807541, 0.07385580986738205, 0.10373521596193314], [0.9108994007110596, 0.08892828971147537, 0.07214832305908203, 0.10301648080348969], [0.6971051096916199, 0.06998222321271896, 0.07330282032489777, 0.09670813381671906], [0.8405264616012573, 0.10704692453145981, 0.07625770568847656, 0.07687945663928986]]"
A0062.png,bleeding,"[0.9310337901115417, 0.9051167964935303, 0.8772890567779541, 0.6876938343048096, 0.6684345006942749, 0.6534096598625183, 0.5384166836738586, 0.39969077706336975, 0.2549251914024353]","[[0.8414552807807922, 0.07405046373605728, 0.07648155093193054, 0.10406599938869476], [0.8756673336029053, 0.07861337810754776, 0.07455471903085709, 0.09875977784395218], [0.805596649646759, 0.07226857542991638, 0.07560934871435165, 0.1051955595612526], [0.9108335375785828, 0.1194658875465393, 0.07242421060800552, 0.07837176322937012], [0.7692927122116089, 0.07026073336601257, 0.07437692582607269, 0.10119621455669403], [0.910891056060791, 0.08529070764780045, 0.0721336156129837, 0.09719205647706985], [0.8753959536552429, 0.1158265769481659, 0.07803535461425781, 0.07476268708705902], [0.8409713506698608, 0.10745307803153992, 0.0778799057006836, 0.06849493831396103], [0.7334043383598328, 0.06620421260595322, 0.07413673400878906, 0.09071803838014603]]"
A0064.png,bleeding,"[0.6540746092796326, 0.6259393095970154, 0.5283185839653015, 0.4904102087020874]","[[0.876603364944458, 0.08037009835243225, 0.07523196190595627, 0.08977379649877548], [0.9108815789222717, 0.11784300208091736, 0.07183919847011566, 0.07208599895238876], [0.8756440877914429, 0.11087416112422943, 0.07501139491796494, 0.06605039536952972], [0.9109272956848145, 0.08365810662508011, 0.07191658020019531, 0.08697312325239182]]"
A0065.png,bleeding,"[0.6364378333091736, 0.539168655872345, 0.5308091640472412, 0.5215691924095154]","[[0.8771185874938965, 0.07909125089645386, 0.07679067552089691, 0.09045098721981049], [0.9109674096107483, 0.11468996852636337, 0.07178892940282822, 0.06852075457572937], [0.8754504919052124, 0.10721941292285919, 0.07625266909599304, 0.06383102387189865], [0.9109786748886108, 0.08207972347736359, 0.07198238372802734, 0.08754744380712509]]"
A0066.png,bleeding,"[0.6735965609550476, 0.4309389591217041, 0.33930331468582153]","[[0.073898546397686, 0.8036951422691345, 0.147797092795372, 0.38464683294296265], [0.9109427332878113, 0.11723156273365021, 0.07174914330244064, 0.07024387270212173], [0.8754379153251648, 0.1125570684671402, 0.0740378275513649, 0.06886126846075058]]"
A0067.png,non_bleeding,,
A0068.png,bleeding,[0.444347083568573],"[[0.8090521693229675, 0.893473744392395, 0.1494043916463852, 0.19996343553066254]]"
A0069.png,non_bleeding,,
A0070.png,bleeding,"[0.4027150571346283, 0.3421419560909271]","[[0.8646267056465149, 0.7972206473350525, 0.16874490678310394, 0.24260494112968445], [0.8829196095466614, 0.7992722988128662, 0.20329830050468445, 0.38086768984794617]]"
A0071.png,bleeding,"[0.6629559397697449, 0.30722686648368835]","[[0.08711788058280945, 0.8385637402534485, 0.1665131151676178, 0.3011089265346527], [0.8404867053031921, 0.8120740652084351, 0.10339491814374924, 0.1960994303226471]]"
A0072.png,bleeding,[0.25265002250671387],"[[0.08081876486539841, 0.8730736374855042, 0.16163752973079681, 0.24368831515312195]]"
A0073.png,non_bleeding,,
A0074.png,non_bleeding,,
A0075.png,non_bleeding,,
A0076.png,bleeding,"[0.48109525442123413, 0.30754491686820984]","[[0.08505169302225113, 0.8607577085494995, 0.15909723937511444, 0.26836177706718445], [0.8911405801773071, 0.7889498472213745, 0.19183160364627838, 0.4134165942668915]]"
A0077.png,non_bleeding,,
A0078.png,bleeding,[0.28849706053733826],"[[0.07655930519104004, 0.8465204834938049, 0.14282724261283875, 0.2903224527835846]]"
A0079.png,bleeding,[0.3756079375743866],"[[0.8922945857048035, 0.8205219507217407, 0.19391973316669464, 0.34710830450057983]]"
A0080.png,non_bleeding,,
A0081.png,bleeding,[0.2893490493297577],"[[0.8825899958610535, 0.7613374590873718, 0.1780233532190323, 0.44516533613204956]]"
A0082.png,non_bleeding,,
A0083.png,non_bleeding,,
A0084.png,bleeding,"[0.7033449411392212, 0.6311054229736328, 0.5188231468200684, 0.43230167031288147, 0.4256550073623657, 0.3062306344509125, 0.28509411215782166, 0.28506118059158325, 0.2833477854728699, 0.27680352330207825]","[[0.8433910608291626, 0.07366077601909637, 0.08076613396406174, 0.1079215407371521], [0.8763339519500732, 0.07680612802505493, 0.0756138414144516, 0.10132709890604019], [0.8060508966445923, 0.07454188913106918, 0.07640375941991806, 0.11353818327188492], [0.8400517106056213, 0.10446035116910934, 0.0784258171916008, 0.08460227400064468], [0.8745842576026917, 0.11187583208084106, 0.07764271646738052, 0.07665934413671494], [0.7697240114212036, 0.07819755375385284, 0.07493128627538681, 0.12125264108181], [0.9107584953308105, 0.11751832813024521, 0.07213211059570312, 0.07509517669677734], [0.6251908540725708, 0.10476575046777725, 0.0742165744304657, 0.10884103178977966], [0.8038741946220398, 0.10510918498039246, 0.07388482987880707, 0.0941079705953598], [0.6608636975288391, 0.1099717915058136, 0.07347693294286728, 0.09848245978355408]]"
A0085.png,non_bleeding,,
A0086.png,non_bleeding,,
A0087.png,non_bleeding,,
A0088.png,bleeding,"[0.3434518277645111, 0.277591347694397]","[[0.08469308167695999, 0.7858253717422485, 0.16369400918483734, 0.4157649576663971], [0.8160606026649475, 0.8496043682098389, 0.14791379868984222, 0.2967880964279175]]"
A0089.png,non_bleeding,,
A0090.png,non_bleeding,,
A0091.png,bleeding,[0.2621844708919525],"[[0.08122274279594421, 0.821536660194397, 0.15898221731185913, 0.34416964650154114]]"
A0092.png,bleeding,[0.37019550800323486],"[[0.079865001142025, 0.8423306941986084, 0.1566516011953354, 0.3096705973148346]]"
A0093.png,non_bleeding,,
A0094.png,non_bleeding,,
A0095.png,non_bleeding,,
A0096.png,non_bleeding,,
A0097.png,bleeding,[0.527595579624176],"[[0.0934409648180008, 0.8463433384895325, 0.1773160994052887, 0.2953062057495117]]"
A0098.png,bleeding,[0.3062167763710022],"[[0.8330442309379578, 0.8975207805633545, 0.1357465535402298, 0.1974998265504837]]"
A0099.png,non_bleeding,,
A0100.png,non_bleeding,,
A0101.png,bleeding,[0.42734265327453613],"[[0.8356066346168518, 0.8745825886726379, 0.14232990145683289, 0.22271402180194855]]"
A0102.png,bleeding,[0.44090694189071655],"[[0.8626543283462524, 0.7753462195396423, 0.15771730244159698, 0.18858937919139862]]"
A0103.png,non_bleeding,,
A0104.png,non_bleeding,,
A0105.png,non_bleeding,,
A0106.png,non_bleeding,,
A0107.png,non_bleeding,,
A0108.png,bleeding,[0.3008277118206024],"[[0.07866495847702026, 0.8397514224052429, 0.14294712245464325, 0.3059954047203064]]"
A0109.png,bleeding,"[0.2847867012023926, 0.26436495780944824]","[[0.5542523264884949, 0.12088785320520401, 0.07622623443603516, 0.08058812469244003], [0.5896932482719421, 0.12237018346786499, 0.0747792050242424, 0.0778813362121582]]"
A0110.png,bleeding,[0.5006375312805176],"[[0.0847690999507904, 0.8569437861442566, 0.16240082681179047, 0.27486515045166016]]"
A0111.png,non_bleeding,,
A0112.png,bleeding,[0.3107343316078186],"[[0.8251925706863403, 0.39738741517066956, 0.24839606881141663, 0.7947748303413391]]"
A0113.png,non_bleeding,,
A0114.png,non_bleeding,,
A0115.png,non_bleeding,,
A0116.png,bleeding,[0.43971341848373413],"[[0.08937574177980423, 0.11129383742809296, 0.17182041704654694, 0.2225876748561859]]"
A0117.png,non_bleeding,,
A0118.png,bleeding,[0.41292786598205566],"[[0.0797819122672081, 0.7636982202529907, 0.15160909295082092, 0.47217345237731934]]"
A0119.png,bleeding,[0.2799760103225708],"[[0.08679749071598053, 0.799083948135376, 0.17024172842502594, 0.3927096128463745]]"
A0120.png,bleeding,[0.2785007655620575],"[[0.0782114788889885, 0.8071015477180481, 0.15552406013011932, 0.3734286427497864]]"
A0121.png,non_bleeding,,
A0122.png,bleeding,"[0.6687818169593811, 0.4388177990913391, 0.4353170394897461, 0.40854543447494507, 0.35671722888946533, 0.3257955312728882, 0.2998100221157074]","[[0.0796077698469162, 0.8224510550498962, 0.15741871297359467, 0.34402549266815186], [0.4822695851325989, 0.10091349482536316, 0.07260731607675552, 0.09189320355653763], [0.5180720686912537, 0.10329839587211609, 0.07212598621845245, 0.07943487167358398], [0.8762896656990051, 0.07515688985586166, 0.07531343400478363, 0.08846954256296158], [0.4472057819366455, 0.09416337311267853, 0.07397583872079849, 0.10848508775234222], [0.5534446835517883, 0.10268637537956238, 0.07207148522138596, 0.07658311724662781], [0.8439329862594604, 0.06654176861047745, 0.08228357136249542, 0.08791019767522812]]"
A0123.png,non_bleeding,,
A0124.png,bleeding,[0.3936246931552887],"[[0.8292694687843323, 0.903682291507721, 0.13047628104686737, 0.18847030401229858]]"
A0125.png,non_bleeding,,
A0126.png,non_bleeding,,
A0127.png,non_bleeding,,
A0128.png,non_bleeding,,
A0129.png,non_bleeding,,
A0130.png,non_bleeding,,
A0131.png,non_bleeding,,
A0132.png,non_bleeding,,
A0133.png,bleeding,"[0.279962956905365, 0.25476616621017456]","[[0.07666414231061935, 0.7934567928314209, 0.1533282846212387, 0.40689006447792053], [0.8104714751243591, 0.88238924741745, 0.1678934246301651, 0.23522159457206726]]"
A0134.png,non_bleeding,,
A0135.png,non_bleeding,,
A0136.png,non_bleeding,,
A0137.png,non_bleeding,,
A0138.png,bleeding,[0.321056991815567],"[[0.8168694972991943, 0.907778263092041, 0.1601085662841797, 0.1844436228275299]]"
A0139.png,bleeding,"[0.44369056820869446, 0.2541228234767914]","[[0.07530831545591354, 0.6365116238594055, 0.15048444271087646, 0.7219752073287964], [0.8177246451377869, 0.8763052821159363, 0.15533775091171265, 0.24691514670848846]]"
A0140.png,non_bleeding,,
A0141.png,non_bleeding,,
A0142.png,non_bleeding,,
A0143.png,non_bleeding,,
A0144.png,non_bleeding,,
A0145.png,non_bleeding,,
A0146.png,non_bleeding,,
A0147.png,bleeding,[0.616226077079773],"[[0.4992312788963318, 0.6005674600601196, 0.9575461149215698, 0.7947810292243958]]"
A0148.png,bleeding,"[0.4713224470615387, 0.38644978404045105, 0.37960532307624817]","[[0.6257557272911072, 0.06531219929456711, 0.07323810458183289, 0.07444313913583755], [0.5904977321624756, 0.0648108422756195, 0.07418874651193619, 0.0665302574634552], [0.6612550020217896, 0.06507626175880432, 0.07261017709970474, 0.07861903309822083]]"
A0149.png,non_bleeding,,
A0150.png,bleeding,"[0.2994924783706665, 0.2550889849662781]","[[0.4741925001144409, 0.910811722278595, 0.4228549897670746, 0.17837661504745483], [0.07700403779745102, 0.6814267039299011, 0.15400807559490204, 0.6292723417282104]]"
A0151.png,bleeding,[0.32961148023605347],"[[0.08184865862131119, 0.8004916310310364, 0.15900680422782898, 0.38136428594589233]]"
A0152.png,bleeding,"[0.4649888873100281, 0.41932597756385803, 0.38199496269226074, 0.2957333028316498, 0.2834174931049347, 0.25839880108833313]","[[0.6612424850463867, 0.07433120161294937, 0.07286044955253601, 0.11329758912324905], [0.6258127093315125, 0.07322801649570465, 0.07341821491718292, 0.11080871522426605], [0.6966472268104553, 0.07381579279899597, 0.07222366333007812, 0.11205431818962097], [0.07533427327871323, 0.816514790058136, 0.15066854655742645, 0.35863372683525085], [0.8411945700645447, 0.0695267841219902, 0.0763310045003891, 0.09809902310371399], [0.7325300574302673, 0.07274749130010605, 0.07203429192304611, 0.10980266332626343]]"
A0153.png,bleeding,"[0.3546161353588104, 0.3507440388202667, 0.3104231059551239, 0.283560186624527]","[[0.8279129266738892, 0.9282408356666565, 0.1307152360677719, 0.13521167635917664], [0.8285659551620483, 0.9053772687911987, 0.14525890350341797, 0.18265821039676666], [0.521281898021698, 0.04959426820278168, 0.0696205422282219, 0.09667564183473587], [0.49104389548301697, 0.05071238800883293, 0.06633894890546799, 0.10142477601766586]]"
A0154.png,non_bleeding,,
A0155.png,non_bleeding,,
A0156.png,non_bleeding,,
A0157.png,non_bleeding,,
A0158.png,non_bleeding,,
A0159.png,non_bleeding,,
A0160.png,non_bleeding,,
A0161.png,non_bleeding,,
A0162.png,non_bleeding,,
A0163.png,non_bleeding,,
A0164.png,non_bleeding,,
A0165.png,bleeding,"[0.8944833278656006, 0.880470335483551, 0.7316008806228638, 0.6824367642402649, 0.5074167847633362, 0.3260337710380554]","[[0.1623470038175583, 0.08971939235925674, 0.07462184876203537, 0.09229646623134613], [0.19697168469429016, 0.0788671225309372, 0.07255148887634277, 0.10376055538654327], [0.23230703175067902, 0.07528319954872131, 0.07194826006889343, 0.10917236655950546], [0.12966936826705933, 0.10159371793270111, 0.08085576444864273, 0.0983649343252182], [0.8666025400161743, 0.8172781467437744, 0.2649318277835846, 0.3606092035770416], [0.26764488220214844, 0.07315321266651154, 0.0716763287782669, 0.10805024951696396]]"
A0166.png,non_bleeding,,
A0167.png,non_bleeding,,
A0168.png,non_bleeding,,
A0169.png,non_bleeding,,
A0170.png,non_bleeding,,
A0171.png,non_bleeding,,
A0172.png,non_bleeding,,
A0173.png,non_bleeding,,
A0174.png,non_bleeding,,
A0175.png,non_bleeding,,
A0176.png,non_bleeding,,
A0177.png,non_bleeding,,
A0178.png,bleeding,"[0.8247878551483154, 0.8102415800094604, 0.646348774433136, 0.493965208530426, 0.4325704574584961, 0.3996425271034241, 0.3686087727546692, 0.34148478507995605]","[[0.8410324454307556, 0.07192157208919525, 0.07736996561288834, 0.10910848528146744], [0.8753505945205688, 0.07464964687824249, 0.07530920952558517, 0.10515084117650986], [0.805836021900177, 0.07164334505796432, 0.07617160677909851, 0.11154957115650177], [0.8728704452514648, 0.10700853168964386, 0.0797218605875969, 0.08234719187021255], [0.9105871915817261, 0.11535561829805374, 0.07248279452323914, 0.08030881732702255], [0.9107997417449951, 0.08143620193004608, 0.0720650851726532, 0.09689036756753922], [0.8373749852180481, 0.09577136486768723, 0.07919666171073914, 0.09066875278949738], [0.7703274488449097, 0.07267829775810242, 0.07604708522558212, 0.11326108872890472]]"
A0179.png,bleeding,"[0.709744930267334, 0.46873778104782104, 0.4124346077442169, 0.29935455322265625, 0.2524887025356293]","[[0.8764758110046387, 0.07486175745725632, 0.07536152750253677, 0.09826944768428802], [0.9108700752258301, 0.0804886594414711, 0.0718449205160141, 0.09018232673406601], [0.8426142334938049, 0.07042088359594345, 0.0814078226685524, 0.1017662063241005], [0.9108293056488037, 0.10916239023208618, 0.07185690850019455, 0.0725119486451149], [0.8751226663589478, 0.09908538311719894, 0.07545171678066254, 0.06992500275373459]]"
A0180.png,non_bleeding,,
A0181.png,non_bleeding,,
A0182.png,non_bleeding,,
A0183.png,non_bleeding,,
A0184.png,non_bleeding,,
A0185.png,non_bleeding,,
A0186.png,non_bleeding,,
A0187.png,non_bleeding,,
A0188.png,non_bleeding,,
A0189.png,non_bleeding,,
A0190.png,non_bleeding,,
A0191.png,non_bleeding,,
A0192.png,non_bleeding,,
A0193.png,bleeding,[0.3197684586048126],"[[0.07910247892141342, 0.7881020903587341, 0.15765587985515594, 0.41776153445243835]]"
A0194.png,non_bleeding,,
A0195.png,bleeding,"[0.6630525588989258, 0.5822364091873169, 0.5453711748123169, 0.4946964979171753, 0.366468608379364, 0.3144013583660126]","[[0.6254485249519348, 0.07969199866056442, 0.07269151508808136, 0.09889540076255798], [0.6609987020492554, 0.07877194136381149, 0.0727255716919899, 0.1016019955277443], [0.5910637974739075, 0.0804148018360138, 0.07511606067419052, 0.09692844748497009], [0.6966509222984314, 0.07638218253850937, 0.07235690951347351, 0.10236800462007523], [0.8861480951309204, 0.8206122517585754, 0.20336343348026276, 0.3379838168621063], [0.7324360609054565, 0.07365348190069199, 0.07235963642597198, 0.10421082377433777]]"
A0196.png,non_bleeding,,
A0197.png,non_bleeding,,
A0198.png,non_bleeding,,
A0199.png,non_bleeding,,
A0200.png,non_bleeding,,
A0201.png,non_bleeding,,
A0202.png,non_bleeding,,
A0203.png,non_bleeding,,
A0204.png,non_bleeding,,
A0205.png,bleeding,[0.33515626192092896],"[[0.08124446868896484, 0.704563319683075, 0.16012999415397644, 0.5790315866470337]]"
A0206.png,non_bleeding,,
A0207.png,bleeding,[0.5547277331352234],"[[0.07282955944538116, 0.7494511008262634, 0.14443881809711456, 0.48208704590797424]]"
A0208.png,bleeding,[0.49266424775123596],"[[0.08412976562976837, 0.7355759739875793, 0.16765080392360687, 0.5161768198013306]]"
A0209.png,bleeding,[0.4759671092033386],"[[0.07436248660087585, 0.8121532797813416, 0.14864730834960938, 0.35879573225975037]]"
A0210.png,non_bleeding,,
A0211.png,non_bleeding,,
A0212.png,non_bleeding,,
A0213.png,non_bleeding,,
A0214.png,non_bleeding,,
A0215.png,non_bleeding,,
A0216.png,non_bleeding,,
A0217.png,bleeding,"[0.8840057253837585, 0.8298608660697937, 0.7229675054550171, 0.6456516981124878, 0.628475546836853, 0.518602728843689, 0.40232136845588684, 0.34980663657188416, 0.27339303493499756]","[[0.8426441550254822, 0.0737854540348053, 0.07937812805175781, 0.10991984605789185], [0.875996470451355, 0.0770002231001854, 0.07595648616552353, 0.10531233251094818], [0.8063545823097229, 0.07342275977134705, 0.07700865715742111, 0.11281953752040863], [0.8744832873344421, 0.11506231129169464, 0.07843017578125, 0.0764642134308815], [0.8400552272796631, 0.10920760035514832, 0.07688209414482117, 0.07521554827690125], [0.9106847047805786, 0.11912433803081512, 0.07240840792655945, 0.07704856246709824], [0.9108226299285889, 0.08349199593067169, 0.07210540771484375, 0.09726032614707947], [0.8039605617523193, 0.10901344567537308, 0.07317843288183212, 0.07433363795280457], [0.7706900238990784, 0.07370982319116592, 0.07664571702480316, 0.11379352957010269]]"
A0218.png,bleeding,"[0.45970577001571655, 0.41271114349365234, 0.26156294345855713]","[[0.8209019303321838, 0.8573142886161804, 0.16799655556678772, 0.2596115469932556], [0.834250271320343, 0.8790911436080933, 0.1490597128868103, 0.20327159762382507], [0.07937069982290268, 0.8316160440444946, 0.15675023198127747, 0.32587870955467224]]"
A0219.png,non_bleeding,,
A0220.png,non_bleeding,,
A0221.png,bleeding,[0.3918389678001404],"[[0.8898077607154846, 0.8239851593971252, 0.18540164828300476, 0.3404718339443207]]"
A0222.png,bleeding,[0.3917199373245239],"[[0.08277790993452072, 0.8561415076255798, 0.15606689453125, 0.2670399844646454]]"
A0223.png,bleeding,"[0.6985954642295837, 0.6856671571731567, 0.3069402277469635]","[[0.16255198419094086, 0.07352146506309509, 0.07481292635202408, 0.10418148338794708], [0.19647566974163055, 0.07193546742200851, 0.07154703140258789, 0.10729265958070755], [0.23214313387870789, 0.07076447457075119, 0.07145343720912933, 0.10631565749645233]]"
A0224.png,non_bleeding,,
A0225.png,bleeding,[0.6125562191009521],"[[0.08934125304222107, 0.8256998658180237, 0.1776116043329239, 0.33996883034706116]]"
A0226.png,non_bleeding,,
A0227.png,non_bleeding,,
A0228.png,non_bleeding,,
A0229.png,non_bleeding,,
A0230.png,non_bleeding,,
A0231.png,bleeding,[0.7797942161560059],"[[0.07306373119354248, 0.4055686593055725, 0.14399495720863342, 0.19090013206005096]]"
A0232.png,non_bleeding,,
A0233.png,bleeding,"[0.36926063895225525, 0.3276735544204712, 0.2556038498878479]","[[0.8030627369880676, 0.09781564027070999, 0.07209110260009766, 0.07535391300916672], [0.08227650076150894, 0.8203623294830322, 0.16455300152301788, 0.3473209738731384], [0.7676626443862915, 0.11316914856433868, 0.07207393646240234, 0.0798632800579071]]"
A0234.png,bleeding,[0.33204880356788635],"[[0.08759192377328873, 0.881013035774231, 0.17518384754657745, 0.23186194896697998]]"
A0235.png,non_bleeding,,
A0236.png,non_bleeding,,
A0237.png,non_bleeding,,
A0238.png,non_bleeding,,
A0239.png,non_bleeding,,
A0240.png,non_bleeding,,
A0241.png,non_bleeding,,
A0242.png,non_bleeding,,
A0243.png,non_bleeding,,
A0244.png,bleeding,[0.3741370737552643],"[[0.07115639746189117, 0.7714594602584839, 0.14231279492378235, 0.443555623292923]]"
A0245.png,non_bleeding,,
A0246.png,non_bleeding,,
A0247.png,bleeding,[0.37263450026512146],"[[0.07688361406326294, 0.822613000869751, 0.15353667736053467, 0.3475431799888611]]"
A0248.png,non_bleeding,,
A0249.png,non_bleeding,,
A0250.png,non_bleeding,,
A0251.png,non_bleeding,,
A0252.png,non_bleeding,,
A0253.png,non_bleeding,,
A0254.png,non_bleeding,,
A0255.png,non_bleeding,,
A0256.png,bleeding,[0.34311458468437195],"[[0.8281992673873901, 0.9024677872657776, 0.12897273898124695, 0.1940566599369049]]"
A0257.png,non_bleeding,,
A0258.png,bleeding,[0.29553619027137756],"[[0.8896054029464722, 0.8174246549606323, 0.21649198234081268, 0.34626254439353943]]"
A0259.png,non_bleeding,,
A0260.png,non_bleeding,,
A0261.png,non_bleeding,,
A0262.png,non_bleeding,,
A0263.png,non_bleeding,,
A0264.png,non_bleeding,,
A0265.png,non_bleeding,,
A0266.png,bleeding,[0.4428022503852844],"[[0.07254011929035187, 0.7853347659111023, 0.1443462371826172, 0.42170241475105286]]"
A0267.png,non_bleeding,,
A0268.png,non_bleeding,,
A0269.png,bleeding,"[0.2841477692127228, 0.2587176561355591]","[[0.5869618654251099, 0.05246339365839958, 0.058992933481931686, 0.07499300688505173], [0.5596340894699097, 0.054307445883750916, 0.050496239215135574, 0.0888686254620552]]"
A0270.png,bleeding,[0.2592899799346924],"[[0.48681914806365967, 0.056827694177627563, 0.07031305134296417, 0.09410236775875092]]"
A0271.png,non_bleeding,,
A0272.png,non_bleeding,,
A0273.png,non_bleeding,,
A0274.png,non_bleeding,,
A0275.png,non_bleeding,,
A0276.png,non_bleeding,,
A0277.png,non_bleeding,,
A0278.png,non_bleeding,,
A0279.png,bleeding,[0.30712053179740906],"[[0.7773188352584839, 0.9101064801216125, 0.1367776095867157, 0.16623824834823608]]"
A0280.png,bleeding,"[0.28942936658859253, 0.2572714686393738]","[[0.07246799767017365, 0.5347540974617004, 0.1449359953403473, 0.9304919242858887], [0.08117120712995529, 0.10509154200553894, 0.1545291393995285, 0.20974503457546234]]"
A0281.png,non_bleeding,,
A0282.png,non_bleeding,,
A0283.png,non_bleeding,,
A0284.png,bleeding,[0.25846442580223083],"[[0.8943846225738525, 0.8144378066062927, 0.2112308293581009, 0.3609393239021301]]"
A0285.png,non_bleeding,,
A0286.png,non_bleeding,,
A0287.png,non_bleeding,,
A0288.png,bleeding,[0.4320720434188843],"[[0.0775136798620224, 0.8450278043746948, 0.15468040108680725, 0.298816978931427]]"
A0289.png,non_bleeding,,
A0290.png,non_bleeding,,
A0291.png,non_bleeding,,
A0292.png,bleeding,[0.3564472198486328],"[[0.07652495801448822, 0.824751615524292, 0.1500573605298996, 0.34255698323249817]]"
A0293.png,non_bleeding,,
A0294.png,non_bleeding,,
A0295.png,bleeding,"[0.7909178733825684, 0.7829694151878357, 0.7029074430465698, 0.6119810342788696, 0.5164400339126587, 0.3706185817718506, 0.3365359902381897, 0.3044375479221344]","[[0.554301381111145, 0.07700429856777191, 0.07319982349872589, 0.11347378045320511], [0.5898630619049072, 0.07564270496368408, 0.07281358540058136, 0.11388663202524185], [0.6253715753555298, 0.07354678958654404, 0.0724281594157219, 0.11131791025400162], [0.5186867713928223, 0.0776161253452301, 0.07373496890068054, 0.10809154808521271], [0.6608986258506775, 0.07193698734045029, 0.07195881754159927, 0.10891114175319672], [0.3421405851840973, 0.07183405011892319, 0.07805626839399338, 0.09312216192483902], [0.37387365102767944, 0.07503204047679901, 0.08566652238368988, 0.07165255397558212], [0.4833872318267822, 0.07925492525100708, 0.07496507465839386, 0.09373927861452103]]"
A0296.png,non_bleeding,,
A0297.png,non_bleeding,,
A0298.png,bleeding,[0.3147779703140259],"[[0.8778988122940063, 0.814267098903656, 0.24420255422592163, 0.35681331157684326]]"
A0299.png,bleeding,[0.37901416420936584],"[[0.8782793879508972, 0.8147486448287964, 0.24252551794052124, 0.3615131676197052]]"
A0300.png,bleeding,[0.3426072895526886],"[[0.07826124131679535, 0.8265926241874695, 0.1558842658996582, 0.3370751142501831]]"
A0301.png,non_bleeding,,
A0302.png,non_bleeding,,
A0303.png,non_bleeding,,
A0304.png,non_bleeding,,
A0305.png,non_bleeding,,
A0306.png,non_bleeding,,
A0307.png,bleeding,"[0.3714649975299835, 0.3569779098033905]","[[0.8893178105354309, 0.8370929956436157, 0.1957441121339798, 0.3003499209880829], [0.07327141612768173, 0.7815650105476379, 0.14654283225536346, 0.42590221762657166]]"
A0308.png,bleeding,[0.3823176622390747],"[[0.8217149972915649, 0.900151252746582, 0.1373855173587799, 0.19969764351844788]]"
A0309.png,bleeding,[0.5176795721054077],"[[0.08805232495069504, 0.858199954032898, 0.15994113683700562, 0.2635143995285034]]"
A0310.png,non_bleeding,,
A0311.png,non_bleeding,,
A0312.png,bleeding,"[0.4952535033226013, 0.3486669063568115]","[[0.6007956266403198, 0.44234776496887207, 0.7959513068199158, 0.8671574592590332], [0.7378866672515869, 0.472289502620697, 0.5234264731407166, 0.9430801272392273]]"
A0313.png,non_bleeding,,
A0314.png,bleeding,[0.3516371548175812],"[[0.0824705958366394, 0.7829315662384033, 0.1649411916732788, 0.4263658821582794]]"
A0315.png,bleeding,"[0.6863800883293152, 0.5833550691604614, 0.5691385865211487, 0.44615936279296875, 0.41696786880493164, 0.3753018081188202, 0.2538033723831177]","[[0.19674266874790192, 0.07484237104654312, 0.07206450402736664, 0.1019584983587265], [0.1620304137468338, 0.08107350766658783, 0.07393064349889755, 0.0907120406627655], [0.23242035508155823, 0.07311788946390152, 0.07212673127651215, 0.10532791912555695], [0.2681027948856354, 0.07262726873159409, 0.07230813801288605, 0.10613753646612167], [0.8340870141983032, 0.9037018418312073, 0.13789640367031097, 0.1816973090171814], [0.30397191643714905, 0.07241226732730865, 0.0734122171998024, 0.10584939271211624], [0.33965644240379333, 0.07194934040307999, 0.07294103503227234, 0.1048874706029892]]"
A0316.png,bleeding,"[0.6007884740829468, 0.5435705780982971, 0.4110886752605438, 0.3912789225578308, 0.3271247148513794, 0.25354626774787903]","[[0.19668526947498322, 0.07378999143838882, 0.071940116584301, 0.10297553986310959], [0.16202908754348755, 0.07924564182758331, 0.07391589134931564, 0.09262623637914658], [0.23240059614181519, 0.07236987352371216, 0.0720537081360817, 0.10528352111577988], [0.8156953454017639, 0.9032049775123596, 0.13782188296318054, 0.17323686182498932], [0.2681044638156891, 0.07193668186664581, 0.07230956852436066, 0.10577157884836197], [0.30391091108322144, 0.07166773080825806, 0.07302550226449966, 0.10485538840293884]]"
A0317.png,bleeding,"[0.6707403659820557, 0.507244348526001, 0.38802871108055115, 0.35451599955558777, 0.29242298007011414, 0.2665688395500183, 0.2589828670024872]","[[0.16154535114765167, 0.0958840399980545, 0.0729886144399643, 0.09434005618095398], [0.19685885310173035, 0.08398764580488205, 0.07225929200649261, 0.09980760514736176], [0.12747415900230408, 0.10553248971700668, 0.0764576718211174, 0.10438856482505798], [0.7913302779197693, 0.910230815410614, 0.1536981165409088, 0.15037482976913452], [0.2326066642999649, 0.08061246573925018, 0.07236092537641525, 0.113050177693367], [0.26850220561027527, 0.08235231786966324, 0.07288728654384613, 0.12338121235370636], [0.30461159348487854, 0.08499842137098312, 0.07471418380737305, 0.13007386028766632]]"
A0318.png,non_bleeding,,
A0319.png,non_bleeding,,
A0320.png,bleeding,[0.2525089383125305],"[[0.8073400855064392, 0.8990967869758606, 0.1729428470134735, 0.20170921087265015]]"
A0321.png,non_bleeding,,
A0322.png,bleeding,[0.3580826222896576],"[[0.09105981141328812, 0.8495461940765381, 0.17115631699562073, 0.28600749373435974]]"
A0323.png,non_bleeding,,
A0324.png,non_bleeding,,
A0325.png,non_bleeding,,
A0326.png,non_bleeding,,
A0327.png,bleeding,[0.6294334530830383],"[[0.08393888175487518, 0.82489413022995, 0.16241951286792755, 0.3366456925868988]]"
A0328.png,non_bleeding,,
A0329.png,non_bleeding,,
A0330.png,non_bleeding,,
A0331.png,non_bleeding,,
A0332.png,non_bleeding,,
A0333.png,non_bleeding,,
A0334.png,non_bleeding,,
A0335.png,bleeding,[0.2722679376602173],"[[0.8899868130683899, 0.8177806735038757, 0.1940603405237198, 0.33098849654197693]]"
A0336.png,non_bleeding,,
A0337.png,non_bleeding,,
A0338.png,non_bleeding,,
A0339.png,non_bleeding,,
A0340.png,non_bleeding,,
A0341.png,bleeding,[0.32701629400253296],"[[0.5146776437759399, 0.8005810379981995, 0.73759526014328, 0.39671626687049866]]"
A0342.png,non_bleeding,,
A0343.png,non_bleeding,,
A0344.png,non_bleeding,,
A0345.png,non_bleeding,,
A0346.png,bleeding,"[0.44563475251197815, 0.44298332929611206]","[[0.16152428090572357, 0.0743897408246994, 0.07112925499677658, 0.10229101032018661], [0.1281735897064209, 0.09318599104881287, 0.07854928821325302, 0.08855615556240082]]"
A0347.png,non_bleeding,,
A0348.png,non_bleeding,,
A0349.png,non_bleeding,,
A0350.png,non_bleeding,,
A0351.png,non_bleeding,,
A0352.png,non_bleeding,,
A0353.png,bleeding,[0.39437705278396606],"[[0.12970960140228271, 0.10712990164756775, 0.0810360237956047, 0.10715580731630325]]"
A0354.png,non_bleeding,,
A0355.png,non_bleeding,,
A0356.png,non_bleeding,,
A0357.png,non_bleeding,,
A0358.png,non_bleeding,,
A0359.png,non_bleeding,,
A0360.png,bleeding,[0.2651134133338928],"[[0.8828955292701721, 0.8218106031417847, 0.23112815618515015, 0.3424794375896454]]"
A0361.png,bleeding,[0.2516002058982849],"[[0.8920374512672424, 0.8224313259124756, 0.21591541171073914, 0.34233954548835754]]"
A0362.png,bleeding,"[0.36768028140068054, 0.3051599860191345]","[[0.8152173161506653, 0.8058373928070068, 0.1607993096113205, 0.32855716347694397], [0.861708402633667, 0.8197640180587769, 0.24789020419120789, 0.34736254811286926]]"
A0363.png,non_bleeding,,
A0364.png,bleeding,"[0.2786664664745331, 0.2608814239501953]","[[0.1613304316997528, 0.1068577989935875, 0.07265555113554001, 0.10745229572057724], [0.13007883727550507, 0.10711309313774109, 0.08172939717769623, 0.10717085748910904]]"
A0365.png,bleeding,[0.3327946066856384],"[[0.843130886554718, 0.8806681632995605, 0.13440091907978058, 0.2007533609867096]]"
A0366.png,non_bleeding,,
A0367.png,non_bleeding,,
A0368.png,bleeding,"[0.8498363494873047, 0.7406550049781799, 0.7245301008224487, 0.5665419101715088, 0.3776565194129944, 0.34304195642471313]","[[0.1619212031364441, 0.09807351231575012, 0.07375309616327286, 0.09950694441795349], [0.1967812031507492, 0.08236093819141388, 0.07208456844091415, 0.10464680939912796], [0.12742403149604797, 0.10639245808124542, 0.07634961605072021, 0.10617788136005402], [0.23245219886302948, 0.07849231362342834, 0.0719415470957756, 0.11254329979419708], [0.2680295705795288, 0.07745714485645294, 0.0719582736492157, 0.11434099078178406], [0.9208870530128479, 0.16886307299137115, 0.1550769805908203, 0.3377261459827423]]"
A0369.png,non_bleeding,,
A0370.png,non_bleeding,,
A0371.png,bleeding,"[0.8102837204933167, 0.7743343710899353, 0.4289613962173462, 0.2901294529438019]","[[0.1619824469089508, 0.09583261609077454, 0.0736900120973587, 0.11573388427495956], [0.12768684327602386, 0.10644055157899857, 0.07689081132411957, 0.10703645646572113], [0.19652371108531952, 0.08293253183364868, 0.07155643403530121, 0.12631180882453918], [0.09952470660209656, 0.1296074390411377, 0.19274841248989105, 0.2592148780822754]]"
A0372.png,bleeding,"[0.8392608165740967, 0.6885265111923218, 0.5548062920570374, 0.3971978724002838, 0.3516649901866913, 0.3493829071521759, 0.310168594121933, 0.295678973197937]","[[0.1626577377319336, 0.08726278692483902, 0.0752340704202652, 0.09300287067890167], [0.19660919904708862, 0.07495902478694916, 0.07179383188486099, 0.10498183220624924], [0.12943460047245026, 0.10414388030767441, 0.08038172125816345, 0.10281539708375931], [0.07721021771430969, 0.7610355615615845, 0.15442043542861938, 0.46609631180763245], [0.10133424401283264, 0.10992027074098587, 0.20097745954990387, 0.21984054148197174], [0.8379920125007629, 0.8692339658737183, 0.1439732164144516, 0.23020608723163605], [0.1764129251241684, 0.7373626232147217, 0.32945674657821655, 0.422423392534256], [0.8267580270767212, 0.8983427286148071, 0.1417865753173828, 0.2033146470785141]]"
A0373.png,bleeding,"[0.8308154940605164, 0.7368627786636353, 0.6115957498550415, 0.5229399800300598, 0.35158899426460266, 0.2668532729148865]","[[0.16225938498973846, 0.08982031792402267, 0.0744028240442276, 0.08981582522392273], [0.19674931466579437, 0.07741355150938034, 0.07204192131757736, 0.10238056629896164], [0.12846766412258148, 0.10430372506380081, 0.0784481093287468, 0.10259588062763214], [0.23231680691242218, 0.07472286373376846, 0.07172271609306335, 0.1092042624950409], [0.10058072954416275, 0.11806664615869522, 0.19836992025375366, 0.23611803352832794], [0.8367561101913452, 0.8783789277076721, 0.14225183427333832, 0.20918874442577362]]"
A0374.png,bleeding,"[0.48356515169143677, 0.3663639724254608]","[[0.8401485085487366, 0.0848921686410904, 0.07428836822509766, 0.1076529398560524], [0.8050044178962708, 0.08069109171628952, 0.07443169504404068, 0.11063770204782486]]"
A0375.png,bleeding,[0.48063409328460693],"[[0.7689723372459412, 0.748687207698822, 0.4510161876678467, 0.4690625071525574]]"
A0376.png,bleeding,[0.3134637773036957],"[[0.8780707120895386, 0.7319554090499878, 0.19267873466014862, 0.52834153175354]]"
A0377.png,bleeding,[0.31309324502944946],"[[0.08368255943059921, 0.8585851192474365, 0.16108663380146027, 0.2764263153076172]]"
A0378.png,bleeding,[0.4830258786678314],"[[0.08818843215703964, 0.8569973707199097, 0.1703537553548813, 0.2739971876144409]]"
A0379.png,non_bleeding,,
A0380.png,non_bleeding,,
A0381.png,non_bleeding,,
A0382.png,bleeding,[0.2765714228153229],"[[0.8735165596008301, 0.8146383166313171, 0.24562646448612213, 0.3579624891281128]]"
A0383.png,non_bleeding,,
A0384.png,bleeding,"[0.5503374934196472, 0.32167667150497437]","[[0.08465978503227234, 0.7938992381095886, 0.16931957006454468, 0.40174105763435364], [0.8122922778129578, 0.9143126606941223, 0.13400869071483612, 0.16338729858398438]]"
A0385.png,non_bleeding,,
A0386.png,non_bleeding,,
A0387.png,non_bleeding,,
A0388.png,bleeding,"[0.6560981869697571, 0.4330901801586151, 0.3875773549079895]","[[0.16211271286010742, 0.09206409007310867, 0.07398470491170883, 0.12892156839370728], [0.13016587495803833, 0.10396666824817657, 0.08190789073705673, 0.10929438471794128], [0.1966218203306198, 0.08785662055015564, 0.07185820490121841, 0.13808152079582214]]"
A0389.png,non_bleeding,,
A0390.png,bleeding,[0.2551133334636688],"[[0.6128256916999817, 0.6485230922698975, 0.45385414361953735, 0.7029539346694946]]"
A0391.png,bleeding,[0.2829784154891968],"[[0.09387561678886414, 0.10367321223020554, 0.18659551441669464, 0.20734642446041107]]"
A0392.png,bleeding,[0.4325616657733917],"[[0.8712740540504456, 0.7794527411460876, 0.10741452127695084, 0.20100894570350647]]"
A0393.png,bleeding,[0.46874386072158813],"[[0.09708388894796371, 0.8303675055503845, 0.19068199396133423, 0.3314277231693268]]"
A0394.png,non_bleeding,,
A0395.png,non_bleeding,,
A0396.png,non_bleeding,,
A0397.png,bleeding,[0.46089014410972595],"[[0.07912236452102661, 0.789202868938446, 0.15824472904205322, 0.4113134741783142]]"
A0398.png,bleeding,"[0.3738657832145691, 0.364141047000885]","[[0.812589704990387, 0.8785139322280884, 0.16498048603534698, 0.2429722547531128], [0.08659005910158157, 0.8196591138839722, 0.17318011820316315, 0.34965407848358154]]"
A0399.png,non_bleeding,,
A0400.png,non_bleeding,,
A0401.png,non_bleeding,,
A0402.png,non_bleeding,,
A0403.png,non_bleeding,,
A0404.png,non_bleeding,,
A0405.png,bleeding,"[0.5296451449394226, 0.48096898198127747]","[[0.8277595043182373, 0.7668125033378601, 0.20363454520702362, 0.2207445502281189], [0.8721308708190918, 0.8207705616950989, 0.21656636893749237, 0.33469051122665405]]"
A0406.png,bleeding,[0.35960790514945984],"[[0.8835397362709045, 0.8074895739555359, 0.18785817921161652, 0.37384551763534546]]"
A0407.png,non_bleeding,,
A0408.png,bleeding,"[0.528462827205658, 0.31145405769348145]","[[0.08263081312179565, 0.8185674548149109, 0.1652616262435913, 0.35534316301345825], [0.8210422396659851, 0.8522364497184753, 0.10724695026874542, 0.2705109715461731]]"
A0409.png,non_bleeding,,
A0410.png,non_bleeding,,
A0411.png,non_bleeding,,
A0412.png,non_bleeding,,
A0413.png,bleeding,[0.3578045964241028],"[[0.8884289860725403, 0.8317052721977234, 0.20985467731952667, 0.32407912611961365]]"
A0414.png,bleeding,[0.3323025703430176],"[[0.846347987651825, 0.8204686641693115, 0.30336299538612366, 0.34343448281288147]]"
A0415.png,non_bleeding,,
A0416.png,non_bleeding,,
A0417.png,non_bleeding,,
A0418.png,non_bleeding,,
A0419.png,non_bleeding,,
A0420.png,bleeding,[0.28167828917503357],"[[0.8158711194992065, 0.8884478211402893, 0.16129930317401886, 0.22310449182987213]]"
A0421.png,non_bleeding,,
A0422.png,bleeding,"[0.63419109582901, 0.39207300543785095]","[[0.8754346966743469, 0.8171558976173401, 0.1966746300458908, 0.351028174161911], [0.8610602021217346, 0.8473859429359436, 0.14245019853115082, 0.2599067687988281]]"
A0423.png,non_bleeding,,
A0424.png,non_bleeding,,
A0425.png,bleeding,[0.2611314058303833],"[[0.89561927318573, 0.8125675320625305, 0.2033984363079071, 0.3531973958015442]]"
A0426.png,bleeding,[0.26302370429039],"[[0.8925486207008362, 0.8069033026695251, 0.1996721625328064, 0.35848429799079895]]"
A0427.png,bleeding,"[0.4376084804534912, 0.339957058429718, 0.3369767665863037]","[[0.877302348613739, 0.07341569662094116, 0.07711642235517502, 0.08999697118997574], [0.9110016822814941, 0.08005094528198242, 0.07208660989999771, 0.08738446980714798], [0.07331259548664093, 0.8137436509132385, 0.1462409943342209, 0.3583085238933563]]"
A0428.png,bleeding,[0.255190908908844],"[[0.07883479446172714, 0.8349872827529907, 0.15766958892345428, 0.32101577520370483]]"
A0429.png,non_bleeding,,
A0430.png,non_bleeding,,
A0431.png,non_bleeding,,
A0432.png,non_bleeding,,
A0433.png,non_bleeding,,
A0434.png,bleeding,[0.2671613395214081],"[[0.8876582980155945, 0.8092480301856995, 0.20961490273475647, 0.3744238615036011]]"
A0435.png,non_bleeding,,
A0436.png,bleeding,"[0.3918498158454895, 0.2764023244380951]","[[0.0901450663805008, 0.8445069789886475, 0.1783403754234314, 0.2985137104988098], [0.8210777640342712, 0.8890094757080078, 0.14971107244491577, 0.2219811975955963]]"
A0437.png,non_bleeding,,
A0438.png,non_bleeding,,
A0439.png,non_bleeding,,
A0440.png,non_bleeding,,
A0441.png,bleeding,[0.46502694487571716],"[[0.08784909546375275, 0.841962456703186, 0.16068387031555176, 0.29436004161834717]]"
A0442.png,bleeding,[0.5586835145950317],"[[0.8259009122848511, 0.9015747904777527, 0.14293384552001953, 0.1968505084514618]]"
A0443.png,non_bleeding,,
A0444.png,non_bleeding,,
A0445.png,non_bleeding,,
A0446.png,bleeding,[0.28588294982910156],"[[0.07947055995464325, 0.7449110150337219, 0.15851803123950958, 0.5079674124717712]]"
A0447.png,non_bleeding,,
A0448.png,non_bleeding,,
A0449.png,bleeding,[0.3176148235797882],"[[0.08640332520008087, 0.7436081171035767, 0.1704118400812149, 0.5013580322265625]]"
A0450.png,non_bleeding,,
A0451.png,non_bleeding,,
A0452.png,bleeding,"[0.4687350392341614, 0.32475361227989197]","[[0.08546807616949081, 0.8345625996589661, 0.16800765693187714, 0.3156915605068207], [0.8047242760658264, 0.9056560397148132, 0.1585923731327057, 0.17610523104667664]]"
A0453.png,bleeding,"[0.9271506667137146, 0.7298825979232788, 0.6408553123474121, 0.27527543902397156]","[[0.12838762998580933, 0.10713119804859161, 0.07828269898891449, 0.10716482996940613], [0.16126561164855957, 0.10704697668552399, 0.07252111285924911, 0.10724832862615585], [0.08200804144144058, 0.10711584240198135, 0.08813991397619247, 0.10719607770442963], [0.07410245388746262, 0.14277604222297668, 0.10256805270910263, 0.10718240588903427]]"
A0454.png,non_bleeding,,
A0455.png,non_bleeding,,
A0456.png,non_bleeding,,
A0457.png,bleeding,[0.5610464215278625],"[[0.8868480920791626, 0.8080988526344299, 0.16408267617225647, 0.3696531653404236]]"
A0458.png,non_bleeding,,
A0459.png,non_bleeding,,
A0460.png,non_bleeding,,
A0461.png,non_bleeding,,
A0462.png,non_bleeding,,
A0463.png,non_bleeding,,
A0464.png,non_bleeding,,
A0465.png,non_bleeding,,
A0466.png,bleeding,[0.5495544672012329],"[[0.8641635775566101, 0.8176637291908264, 0.1386345475912094, 0.27792415022850037]]"
A0467.png,non_bleeding,,
A0468.png,non_bleeding,,
A0469.png,non_bleeding,,
A0470.png,non_bleeding,,
A0471.png,non_bleeding,,
A0472.png,non_bleeding,,
A0473.png,bleeding,"[0.9405674934387207, 0.9100269079208374, 0.8912844657897949, 0.8100996613502502, 0.6333796977996826, 0.5853486061096191, 0.5731679797172546, 0.5603405237197876, 0.48436158895492554, 0.47152966260910034, 0.4671943783760071, 0.45793959498405457, 0.41054320335388184, 0.40019869804382324, 0.34960225224494934, 0.3370363414287567, 0.33627793192863464, 0.31718599796295166, 0.2958655059337616, 0.26990166306495667]","[[0.8407595753669739, 0.0758492723107338, 0.07607324421405792, 0.10124329477548599], [0.8050209283828735, 0.0730510801076889, 0.07555826008319855, 0.10583250969648361], [0.875674843788147, 0.08195281028747559, 0.07501848042011261, 0.09271837025880814], [0.7693514227867126, 0.07206874340772629, 0.07568768411874771, 0.10725820809602737], [0.7330648899078369, 0.07208613306283951, 0.07479804009199142, 0.10809137672185898], [0.9109490513801575, 0.08810525387525558, 0.07227298617362976, 0.09400825947523117], [0.9108805656433105, 0.11958816647529602, 0.07257270812988281, 0.07898543775081635], [0.48172134160995483, 0.10858780145645142, 0.07438142597675323, 0.08100023120641708], [0.8752831220626831, 0.1168653815984726, 0.07918331027030945, 0.07697279751300812], [0.4466238021850586, 0.10429061204195023, 0.07760205119848251, 0.06890716403722763], [0.4827226400375366, 0.07731807231903076, 0.07344641536474228, 0.09709867835044861], [0.6972509622573853, 0.07257707417011261, 0.07413728535175323, 0.10900205373764038], [0.5183985829353333, 0.07933038473129272, 0.07335349917411804, 0.09850049763917923], [0.5177111029624939, 0.11252948641777039, 0.07325431704521179, 0.08482225239276886], [0.6621891260147095, 0.07340793311595917, 0.07474736124277115, 0.10965023934841156], [0.8397403955459595, 0.110307477414608, 0.07949802279472351, 0.07405393570661545], [0.5540777444839478, 0.0799938291311264, 0.07318034023046494, 0.10077667981386185], [0.4485034942626953, 0.07453972101211548, 0.07741376757621765, 0.09577985107898712], [0.6264311075210571, 0.07489000260829926, 0.07469367980957031, 0.10940831899642944], [0.5902055501937866, 0.07754725217819214, 0.07372679561376572, 0.10630454868078232]]"
A0474.png,non_bleeding,,
A0475.png,non_bleeding,,
A0476.png,non_bleeding,,
A0477.png,bleeding,"[0.737970769405365, 0.7320988774299622, 0.7208212018013, 0.7170184254646301, 0.7127741575241089, 0.678789496421814, 0.6552926301956177, 0.6342829465866089, 0.5887976884841919, 0.5739434957504272, 0.44546085596084595, 0.3615277409553528, 0.3466743528842926, 0.300375372171402, 0.25501322746276855]","[[0.6613568067550659, 0.07983698695898056, 0.07323919236660004, 0.0968383401632309], [0.6258532404899597, 0.07646957784891129, 0.0736442357301712, 0.09992405772209167], [0.8049805164337158, 0.08142910897731781, 0.07426343858242035, 0.09200192242860794], [0.7690750956535339, 0.08306249976158142, 0.07411398738622665, 0.09030965715646744], [0.1615305244922638, 0.09447388350963593, 0.07299764454364777, 0.08517429232597351], [0.8404067158699036, 0.08209240436553955, 0.07409000396728516, 0.09302356094121933], [0.6967666149139404, 0.08343005925416946, 0.07254981994628906, 0.0928053930401802], [0.5906846523284912, 0.07466873526573181, 0.07470186054706573, 0.10167241841554642], [0.732593834400177, 0.08450741320848465, 0.07289886474609375, 0.09041281044483185], [0.12756295502185822, 0.10678038746118546, 0.0766133964061737, 0.1065356582403183], [0.5551331043243408, 0.07383595407009125, 0.07522079348564148, 0.10225789994001389], [0.8752249479293823, 0.0893058106303215, 0.07480689883232117, 0.09563232213258743], [0.1975453644990921, 0.0822850838303566, 0.07365989685058594, 0.08707762509584427], [0.5190459489822388, 0.07349197566509247, 0.07451943308115005, 0.10218852013349533], [0.10400405526161194, 0.1449039727449417, 0.20184999704360962, 0.28894078731536865]]"
A0478.png,bleeding,[0.25500163435935974],"[[0.8414950966835022, 0.8981338739395142, 0.14534282684326172, 0.18480342626571655]]"
A0479.png,bleeding,"[0.3836798667907715, 0.31298354268074036]","[[0.8181167840957642, 0.891787052154541, 0.14411000907421112, 0.2164260447025299], [0.8887441754341125, 0.8556371927261353, 0.21014472842216492, 0.2767960727214813]]"
A0480.png,non_bleeding,,
A0481.png,non_bleeding,,
A0482.png,bleeding,[0.3825525641441345],"[[0.8142139315605164, 0.8678494095802307, 0.1661357879638672, 0.2643013894557953]]"
A0483.png,bleeding,[0.4782484471797943],"[[0.08530482649803162, 0.8331846594810486, 0.1703995019197464, 0.32416072487831116]]"
A0484.png,bleeding,[0.2865915894508362],"[[0.07507353276014328, 0.8493590950965881, 0.14743338525295258, 0.28865909576416016]]"
A0485.png,bleeding,[0.3065183460712433],"[[0.811512291431427, 0.899062991142273, 0.15906007587909698, 0.20187412202358246]]"
A0486.png,bleeding,[0.4164121150970459],"[[0.07853499054908752, 0.7551446557044983, 0.15706998109817505, 0.4793539345264435]]"
A0487.png,bleeding,[0.40426212549209595],"[[0.08698157221078873, 0.7245582938194275, 0.17145515978336334, 0.5412826538085938]]"
A0488.png,non_bleeding,,
A0489.png,bleeding,"[0.9316519498825073, 0.9192010760307312, 0.8121950626373291, 0.7610292434692383, 0.7557331323623657, 0.6746506690979004, 0.64227694272995, 0.5197526812553406, 0.4537588953971863, 0.31425416469573975, 0.3045862019062042, 0.2603077292442322]","[[0.8425928354263306, 0.07377099990844727, 0.07889556884765625, 0.10764989256858826], [0.87642502784729, 0.07737939804792404, 0.07582514733076096, 0.10224809497594833], [0.8062216639518738, 0.07259340584278107, 0.07693727314472198, 0.10941914469003677], [0.8407871127128601, 0.10654736310243607, 0.07860265672206879, 0.08482425659894943], [0.8756394386291504, 0.11320360004901886, 0.07853753864765167, 0.08412136882543564], [0.9107482433319092, 0.117363341152668, 0.0723123550415039, 0.08203551173210144], [0.9108449816703796, 0.08278434723615646, 0.07206576317548752, 0.09595142304897308], [0.8041547536849976, 0.10237535089254379, 0.07467269897460938, 0.08738356083631516], [0.7706431150436401, 0.07202444970607758, 0.07693168520927429, 0.10865876078605652], [0.7687627673149109, 0.10143335908651352, 0.07432311028242111, 0.0874209925532341], [0.9459789991378784, 0.8347743153572083, 0.10669408738613129, 0.3208555579185486], [0.8109548091888428, 0.8696668744087219, 0.15676826238632202, 0.24923734366893768]]"
A0490.png,non_bleeding,,
A0491.png,non_bleeding,,
A0492.png,bleeding,[0.3232269287109375],"[[0.8764362335205078, 0.07102035731077194, 0.07496479898691177, 0.08390194922685623]]"
A0493.png,bleeding,[0.32645362615585327],"[[0.8927230834960938, 0.8096083402633667, 0.21343736350536346, 0.3767335116863251]]"
A0494.png,bleeding,"[0.3891877233982086, 0.34473830461502075]","[[0.8732549548149109, 0.8405428528785706, 0.20331601798534393, 0.29699599742889404], [0.07593595236539841, 0.7444126009941101, 0.14991067349910736, 0.5094476938247681]]"
A0495.png,non_bleeding,,
A0496.png,non_bleeding,,
A0497.png,bleeding,[0.3149818480014801],"[[0.8744223713874817, 0.8397049307823181, 0.18527740240097046, 0.3114880323410034]]"
A0498.png,bleeding,[0.32286137342453003],"[[0.8106338381767273, 0.8909093737602234, 0.16868755221366882, 0.2129734605550766]]"
A0499.png,bleeding,"[0.5399209856987, 0.5092616081237793, 0.44212856888771057, 0.3773103952407837]","[[0.9110017418861389, 0.10593090951442719, 0.07198742777109146, 0.07519936561584473], [0.9111329913139343, 0.07754205167293549, 0.072479248046875, 0.09573318809270859], [0.8744828701019287, 0.09063144028186798, 0.07828521728515625, 0.08948013186454773], [0.8779826164245605, 0.07221221923828125, 0.0794328972697258, 0.10363630205392838]]"
A0500.png,non_bleeding,,
A0501.png,non_bleeding,,
A0502.png,non_bleeding,,
A0503.png,bleeding,[0.4766997694969177],"[[0.0745440423488617, 0.8233240246772766, 0.14600029587745667, 0.33405810594558716]]"
A0504.png,non_bleeding,,
A0505.png,non_bleeding,,
A0506.png,bleeding,[0.6801345348358154],"[[0.09656327217817307, 0.841246485710144, 0.1869392842054367, 0.30075401067733765]]"
A0507.png,non_bleeding,,
A0508.png,non_bleeding,,
A0509.png,bleeding,[0.43364548683166504],"[[0.8854694962501526, 0.7720187902450562, 0.1530282199382782, 0.1875074952840805]]"
A0510.png,non_bleeding,,
A0511.png,non_bleeding,,
A0512.png,non_bleeding,,
A0513.png,non_bleeding,,
A0514.png,bleeding,[0.48780301213264465],"[[0.8775456547737122, 0.780378520488739, 0.13774436712265015, 0.16243362426757812]]"
A0515.png,non_bleeding,,
A0516.png,non_bleeding,,
A0517.png,non_bleeding,,
A0518.png,non_bleeding,,
A0519.png,non_bleeding,,
A0520.png,bleeding,"[0.6111294031143188, 0.5885157585144043, 0.5330985188484192, 0.4356502592563629, 0.3785085678100586, 0.2507877051830292]","[[0.16177287697792053, 0.10333766788244247, 0.07351166009902954, 0.11311787366867065], [0.19724223017692566, 0.09345881640911102, 0.0731293186545372, 0.13246102631092072], [0.2322753667831421, 0.12471924722194672, 0.07259058952331543, 0.07370792329311371], [0.2679547667503357, 0.12515705823898315, 0.07281092554330826, 0.07410083711147308], [0.23234698176383972, 0.09011326730251312, 0.07236917316913605, 0.13985291123390198], [0.12865504622459412, 0.10688648372888565, 0.07879601418972015, 0.10723647475242615]]"
A0521.png,non_bleeding,,
A0522.png,bleeding,"[0.4698978066444397, 0.4384201765060425, 0.4141184985637665, 0.3835752308368683]","[[0.16169044375419617, 0.0872325450181961, 0.07330219447612762, 0.1328292340040207], [0.19664642214775085, 0.08637728542089462, 0.07217060029506683, 0.13836050033569336], [0.1967824548482895, 0.11365962773561478, 0.07302775233983994, 0.09497431665658951], [0.23212161660194397, 0.10730846971273422, 0.07282911241054535, 0.10715483129024506]]"
A0523.png,bleeding,"[0.7376807332038879, 0.7199021577835083, 0.6639502048492432, 0.44900521636009216, 0.36803388595581055, 0.33013248443603516]","[[0.19680418074131012, 0.08341459184885025, 0.0722966194152832, 0.1299029141664505], [0.1625092476606369, 0.08850640803575516, 0.07491588592529297, 0.12358950078487396], [0.2320074737071991, 0.11745627224445343, 0.07311998307704926, 0.08481781929731369], [0.23226803541183472, 0.08484240621328354, 0.07237529754638672, 0.1363687813282013], [0.19698865711688995, 0.11583713442087173, 0.0731135830283165, 0.08888830989599228], [0.26724597811698914, 0.11867407709360123, 0.07393987476825714, 0.08237934112548828]]"
A0524.png,non_bleeding,,
A0525.png,bleeding,"[0.7422259449958801, 0.7329843640327454, 0.6695960164070129, 0.6086702942848206]","[[0.9108877778053284, 0.08176519721746445, 0.07185132801532745, 0.08996494114398956], [0.9108441472053528, 0.11116069555282593, 0.0717075914144516, 0.08420481532812119], [0.8784235715866089, 0.07657293975353241, 0.07877377420663834, 0.09912857413291931], [0.876132071018219, 0.10136349499225616, 0.0750579833984375, 0.08382286876440048]]"
A0526.png,non_bleeding,,
A0527.png,non_bleeding,,
A0528.png,bleeding,"[0.7844492197036743, 0.6659755706787109, 0.566645622253418, 0.5443612337112427, 0.49222877621650696, 0.3753472864627838, 0.31163981556892395, 0.2834326922893524]","[[0.19690707325935364, 0.08295128494501114, 0.07268517464399338, 0.12147323042154312], [0.2321470081806183, 0.11825425922870636, 0.07238470017910004, 0.08191173523664474], [0.26721513271331787, 0.11980986595153809, 0.07290200144052505, 0.08032112568616867], [0.2322847545146942, 0.08358538895845413, 0.07200697809457779, 0.12763762474060059], [0.16269752383232117, 0.08176807314157486, 0.0755549818277359, 0.1067274883389473], [0.9346778392791748, 0.8118370771408081, 0.13064439594745636, 0.37050631642341614], [0.1966429054737091, 0.1144343912601471, 0.07412968575954437, 0.08949197083711624], [0.09837384521961212, 0.6730017066001892, 0.19489865005016327, 0.6494192481040955]]"
A0529.png,bleeding,"[0.617676854133606, 0.30793145298957825, 0.27444934844970703]","[[0.19661740958690643, 0.09384509921073914, 0.07358796894550323, 0.1343519389629364], [0.23225581645965576, 0.09202627837657928, 0.07332952320575714, 0.13953445851802826], [0.16266179084777832, 0.10737715661525726, 0.07654183357954025, 0.1054389551281929]]"
A0530.png,bleeding,[0.35488161444664],"[[0.07700411975383759, 0.7740573287010193, 0.14970897138118744, 0.43877196311950684]]"
A0531.png,bleeding,[0.35688158869743347],"[[0.0778813585639, 0.820025622844696, 0.1557627171278, 0.35001155734062195]]"
A0532.png,bleeding,"[0.9511284828186035, 0.9269734025001526, 0.8581127524375916, 0.8488602638244629, 0.8129998445510864, 0.7779939770698547, 0.7712080478668213, 0.3095657527446747, 0.2769922912120819]","[[0.8409608006477356, 0.07583605498075485, 0.07533673197031021, 0.10844375938177109], [0.8756520748138428, 0.08208261430263519, 0.0738242045044899, 0.10270151495933533], [0.9106653332710266, 0.11913180351257324, 0.07252216339111328, 0.08184990286827087], [0.8760679960250854, 0.1181279644370079, 0.07569967210292816, 0.07807473093271255], [0.8048308491706848, 0.07367563247680664, 0.0743090808391571, 0.11030000448226929], [0.8401127457618713, 0.11402525007724762, 0.07466235011816025, 0.07429516315460205], [0.910755455493927, 0.09104897081851959, 0.07208197563886642, 0.10407262295484543], [0.8036924600601196, 0.1090921014547348, 0.07289151102304459, 0.07336147129535675], [0.0788613110780716, 0.8671829104423523, 0.15541142225265503, 0.26021823287010193]]"
A0533.png,bleeding,"[0.5758500695228577, 0.4191109538078308, 0.2858945429325104]","[[0.8833245038986206, 0.8014928102493286, 0.2268841713666916, 0.384561151266098], [0.8762907981872559, 0.7404579520225525, 0.21633639931678772, 0.2732173502445221], [0.08606285601854324, 0.697898805141449, 0.1721257120370865, 0.6025205850601196]]"
A0534.png,non_bleeding,,
A0535.png,bleeding,"[0.302085280418396, 0.251499205827713]","[[0.08472158759832382, 0.8005932569503784, 0.16366714239120483, 0.383452832698822], [0.853871762752533, 0.7880626916885376, 0.15819141268730164, 0.41574588418006897]]"
A0536.png,bleeding,[0.32250627875328064],"[[0.8854764699935913, 0.814683735370636, 0.20803357660770416, 0.3605559468269348]]"
A0537.png,non_bleeding,,
A0538.png,bleeding,"[0.4934908449649811, 0.30439797043800354]","[[0.8694456815719604, 0.785528838634491, 0.19221225380897522, 0.4108106195926666], [0.8644819855690002, 0.7644948363304138, 0.1483895480632782, 0.3530164659023285]]"
A0539.png,non_bleeding,,
A0540.png,bleeding,[0.5492242574691772],"[[0.8766743540763855, 0.8298612236976624, 0.19379712641239166, 0.3315899968147278]]"
A0541.png,non_bleeding,,
A0542.png,bleeding,[0.580489993095398],"[[0.8635263442993164, 0.7686163187026978, 0.11412621289491653, 0.20602527260780334]]"
A0543.png,bleeding,[0.3307230770587921],"[[0.08561734110116959, 0.10758179426193237, 0.16453281044960022, 0.21483218669891357]]"
A0544.png,bleeding,[0.47755512595176697],"[[0.0918533131480217, 0.8304926753044128, 0.1754591166973114, 0.32010120153427124]]"
A0545.png,bleeding,[0.269700825214386],"[[0.0837583988904953, 0.884981632232666, 0.16740034520626068, 0.2203991860151291]]"
A0546.png,bleeding,[0.47541335225105286],"[[0.8699499368667603, 0.7586674094200134, 0.1443565934896469, 0.2191367894411087]]"
A0547.png,bleeding,[0.4865809679031372],"[[0.0816396176815033, 0.8320333361625671, 0.1583453267812729, 0.3239375650882721]]"
A0548.png,bleeding,[0.2576078176498413],"[[0.07544322311878204, 0.8429561853408813, 0.1508864462375641, 0.3034428358078003]]"
A0549.png,non_bleeding,,
A0550.png,non_bleeding,,
A0551.png,non_bleeding,,
A0552.png,bleeding,[0.2567574679851532],"[[0.08111914247274399, 0.7855368256568909, 0.15950174629688263, 0.4159344434738159]]"
A0553.png,bleeding,[0.27197185158729553],"[[0.8165381550788879, 0.8741121888160706, 0.15296323597431183, 0.23476383090019226]]"
A0554.png,non_bleeding,,
A0555.png,bleeding,[0.2733381986618042],"[[0.07301433384418488, 0.6883026957511902, 0.14535649120807648, 0.6112613677978516]]"
A0556.png,non_bleeding,,
A0557.png,non_bleeding,,
A0558.png,non_bleeding,,
A0559.png,non_bleeding,,
A0560.png,non_bleeding,,
A0561.png,bleeding,[0.4181942045688629],"[[0.8291107416152954, 0.7968984842300415, 0.12726512551307678, 0.29750335216522217]]"
A0562.png,bleeding,"[0.5703532099723816, 0.3808439373970032]","[[0.08439316600561142, 0.8446358442306519, 0.16244731843471527, 0.30375510454177856], [0.8202558755874634, 0.8593682050704956, 0.15845762193202972, 0.2567901611328125]]"
A0563.png,bleeding,"[0.3339962363243103, 0.30107298493385315]","[[0.8881610035896301, 0.8300947546958923, 0.19409862160682678, 0.3045352101325989], [0.08192409574985504, 0.08168014883995056, 0.15653115510940552, 0.16261939704418182]]"
A0564.png,non_bleeding,,
